[{"model": "ideas.tag", "pk": 1, "fields": {"name": "Physics"}}, {"model": "ideas.tag", "pk": 2, "fields": {"name": "Astronomy"}}, {"model": "ideas.tag", "pk": 3, "fields": {"name": "Biotechnology"}}, {"model": "ideas.tag", "pk": 4, "fields": {"name": "Quantum"}}, {"model": "ideas.tag", "pk": 5, "fields": {"name": "Mind & Brain"}}, {"model": "ideas.tag", "pk": 6, "fields": {"name": "Genetics"}}, {"model": "ideas.tag", "pk": 7, "fields": {"name": "Chemistry"}}, {"model": "ideas.tag", "pk": 8, "fields": {"name": "Climate & Earth"}}, {"model": "ideas.tag", "pk": 9, "fields": {"name": "Mathematics"}}, {"model": "ideas.tag", "pk": 10, "fields": {"name": "Astrobiology"}}, {"model": "ideas.tag", "pk": 11, "fields": {"name": "Biology"}}, {"model": "ideas.post", "pk": 1, "fields": {"title": "Where does it come from?", "content": "Contrary to popular belief, Lorem Ipsum is not simply random text. It has roots in a piece of classical Latin literature from 45 BC, making it over 2000 years old. Richard McClintock, a Latin professor at Hampden-Sydney College in Virginia, looked up one of the more obscure Latin words, consectetur, from a Lorem Ipsum passage, and going through the cites of the word in classical literature, discovered the undoubtable source. Lorem Ipsum comes from sections 1.10.32 and 1.10.33 of \"de Finibus Bonorum et Malorum\" (The Extremes of Good and Evil) by Cicero, written in 45 BC. This book is a treatise on the theory of ethics, very popular during the Renaissance. The first line of Lorem Ipsum, \"Lorem ipsum dolor sit amet..\", comes from a line in section 1.10.32.", "author": 1, "status": "published", "created_at": "2025-05-21T21:20:26.591Z", "updated_at": "2025-05-21T21:20:26.591Z", "tags": []}}, {"model": "ideas.post", "pk": 2, "fields": {"title": "Where does it come from? Where does it come from?", "content": "Where does it come from?Where does it come from?Where does it come from?Where does it come from?Where does it come from?Where does it come from?Where does it come from?Where does it come from?Where does it come from?Where does it come from?Where does it come from?Where does it come from?Where does it come from?Where does it come from?Where does it come from?Where does it come from?Where does it come from?Where does it come from?Where does it come from?Where does it come from?Where does it come from?Where does it come from?Where does it come from?Where does it come from?Where does it come from?Where does it come from?", "author": 1, "status": "published", "created_at": "2025-05-21T21:28:50.161Z", "updated_at": "2025-05-21T21:28:50.161Z", "tags": []}}, {"model": "ideas.post", "pk": 3, "fields": {"title": "Where does it come from?", "content": "Contrary to popular belief, Lorem Ipsum is not simply random text. It has roots in a piece of classical Latin literature from 45 BC, making it over 2000 years old. Richard McClintock, a Latin professor at Hampden-Sydney College in Virginia, looked up one of the more obscure Latin words, consectetur, from a Lorem Ipsum passage, and going through the cites of the word in classical literature, discovered the undoubtable source. Lorem Ipsum comes from sections 1.10.32 and 1.10.33 of \"de Finibus Bonorum et Malorum\" (The Extremes of Good and Evil) by Cicero, written in 45 BC. This book is a treatise on the theory of ethics, very popular during the Renaissance. The first line of Lorem Ipsum, \"Lorem ipsum dolor sit amet..\", comes from a line in section 1.10.32.", "author": 1, "status": "published", "created_at": "2025-05-21T22:12:02.648Z", "updated_at": "2025-05-21T22:12:02.648Z", "tags": [1]}}, {"model": "ideas.post", "pk": 4, "fields": {"title": "Where does it come from?", "content": "Where does it come from?Where does it come from?Where does it come from?Where does it come from?Where does it come from?Where does it come from?Where does it come from?Where does it come from?Where does it come from?Where does it come from?Where does it come from?Where does it come from?Where does it come from?Where does it come from?Where does it come from?Where does it come from?Where does it come from?Where does it come from?Where does it come from?Where does it come from?Where does it come from?Where does it come from?Where does it come from?Where does it come from?Where does it come from?Where does it come from?Where does it come from?Where does it come from?Where does it come from?", "author": 1, "status": "published", "created_at": "2025-05-21T22:12:31.384Z", "updated_at": "2025-05-21T22:12:31.384Z", "tags": [1]}}, {"model": "ideas.post", "pk": 5, "fields": {"title": "Lorem Ipsum is simply dummy text of the printing and typesetting industry.", "content": "There are many variations of passages of Lorem Ipsum available, but the majority have suffered alteration in some form, by injected humour, or randomised words which don't look even slightly believable. If you are going to use a passage of Lorem Ipsum, you need to be sure there isn't anything embarrassing hidden in the middle of text. All the Lorem Ipsum generators on the Internet tend to repeat predefined chunks as necessary, making this the first true generator on the Internet. It uses a dictionary of over 200 Latin words, combined with a handful of model sentence structures, to generate Lorem Ipsum which looks reasonable. The generated Lorem Ipsum is therefore always free from repetition, injected humour, or non-characteristic words etc", "author": 1, "status": "published", "created_at": "2025-05-23T09:32:19.724Z", "updated_at": "2025-05-23T09:32:19.724Z", "tags": [1, 3, 9, 7]}}, {"model": "ideas.post", "pk": 6, "fields": {"title": "Lorem Ipsum is simply dummy text of the printing and typesetting industry. Lorem Ipsum is simply dummy text of the printing and typesetting industry.", "content": "There are many variations of passages of Lorem Ipsum available, but the majority have suffered alteration in some form, by injected humour, or randomised words which don't look even slightly believable. If you are going to use a passage of Lorem Ipsum, you need to be sure there isn't anything embarrassing hidden in the middle of text. All the Lorem Ipsum generators on the Internet tend to repeat predefined chunks as necessary, making this the first true generator on the Internet. It uses a dictionary of over 200 Latin words, combined with a handful of model sentence structures, to generate Lorem Ipsum which looks reasonable. The generated Lorem Ipsum is therefore always free from repetition, injected humour, or non-characteristic words etc", "author": 1, "status": "published", "created_at": "2025-05-23T09:39:56.913Z", "updated_at": "2025-05-23T09:39:56.913Z", "tags": [1, 2, 3, 4, 5, 6, 7, 8]}}, {"model": "ideas.post", "pk": 7, "fields": {"title": "Scaling to 1 Million Users: The Architecture I Wish I Knew Sooner", "content": "There are many variations of passages of Lorem Ipsum available, but the majority have suffered alteration in some form, by injected humour, or randomised words which don't look even slightly believable. If you are going to use a passage of Lorem Ipsum, you need to be sure there isn't anything embarrassing hidden in the middle of text. All the Lorem Ipsum generators on the Internet tend to repeat predefined chunks as necessary, making this the first true generator on the Internet. It uses a dictionary of over 200 Latin words, combined with a handful of model sentence structures, to generate Lorem Ipsum which looks reasonable. The generated Lorem Ipsum is therefore always free from repetition, injected humour, or non-characteristic words etc", "author": 1, "status": "published", "created_at": "2025-05-23T09:47:39.923Z", "updated_at": "2025-05-23T09:47:39.923Z", "tags": [1, 2, 6]}}, {"model": "ideas.post", "pk": 8, "fields": {"title": "Scaling to 1 Million Users: The Architecture I Wish I Knew Sooner", "content": "There are many variations of passages of Lorem Ipsum available, but the majority have suffered alteration in some form, by injected humour, or randomised words which don't look even slightly believable. If you are going to use a passage of Lorem Ipsum, you need to be sure there isn't anything embarrassing hidden in the middle of text. All the Lorem Ipsum generators on the Internet tend to repeat predefined chunks as necessary, making this the first true generator on the Internet. It uses a dictionary of over 200 Latin words, combined with a handful of model sentence structures, to generate Lorem Ipsum which looks reasonable. The generated Lorem Ipsum is therefore always free from repetition, injected humour, or non-characteristic words etc. There are many variations of passages of Lorem Ipsum available, but the majority have suffered alteration in some form, by injected humour, or randomised words which don't look even slightly believable. If you are going to use a passage of Lorem Ipsum, you need to be sure there isn't anything embarrassing hidden in the middle of text. All the Lorem Ipsum generators on the Internet tend to repeat predefined chunks as necessary, making this the first true generator on the Internet. It uses a dictionary of over 200 Latin words, combined with a handful of model sentence structures, to generate Lorem Ipsum which looks reasonable. The generated Lorem Ipsum is therefore always free from repetition, injected humour, or non-characteristic words etc. There are many variations of passages of Lorem Ipsum available, but the majority have suffered alteration in some form, by injected humour, or randomised words which don't look even slightly believable. If you are going to use a passage of Lorem Ipsum, you need to be sure there isn't anything embarrassing hidden in the middle of text. All the Lorem Ipsum generators on the Internet tend to repeat predefined chunks as necessary, making this the first true generator on the Internet. It uses a dictionary of over 200 Latin words, combined with a handful of model sentence structures, to generate Lorem Ipsum which looks reasonable. The generated Lorem Ipsum is therefore always free from repetition, injected humour, or non-characteristic words etc", "author": 1, "status": "published", "created_at": "2025-05-23T10:06:50.715Z", "updated_at": "2025-05-23T10:06:50.715Z", "tags": [4, 5, 7]}}, {"model": "ideas.post", "pk": 9, "fields": {"title": "", "content": "There are many variations of passages of Lorem Ipsum available, but the majority have suffered alteration in some form, by injected humour, or randomised words which don't look even slightly believable. If you are going to use a passage of Lorem Ipsum, you need to be sure there isn't anything embarrassing hidden in the middle of text. All the Lorem Ipsum generators on the Internet tend to repeat predefined chunks as necessary, making this the first true generator on the Internet. It uses a dictionary of over 200 Latin words, combined with a handful of model sentence structures, to generate Lorem Ipsum which looks reasonable. The generated Lorem Ipsum is therefore always free from repetition, injected humour, or non-characteristic words etc. There are many variations of passages of Lorem Ipsum available, but the majority have suffered alteration in some form, by injected humour, or randomised words which don't look even slightly believable. If you are going to use a passage of Lorem Ipsum, you need to be sure there isn't anything embarrassing hidden in the middle of text. All the Lorem Ipsum generators on the Internet tend to repeat predefined chunks as necessary, making this the first true generator on the Internet. It uses a dictionary of over 200 Latin words, combined with a handful of model sentence structures, to generate Lorem Ipsum which looks reasonable. The generated Lorem Ipsum is therefore always free from repetition, injected humour, or non-characteristic words etc. There are many variations of passages of Lorem Ipsum available, but the majority have suffered alteration in some form, by injected humour, or randomised words which don't look even slightly believable. If you are going to use a passage of Lorem Ipsum, you need to be sure there isn't anything embarrassing hidden in the middle of text. All the Lorem Ipsum generators on the Internet tend to repeat predefined chunks as necessary, making this the first true generator on the Internet. It uses a dictionary of over 200 Latin words, combined with a handful of model sentence structures, to generate Lorem Ipsum which looks reasonable. The generated Lorem Ipsum is therefore always free from repetition, injected humour, or non-characteristic words etc", "author": 2, "status": "published", "created_at": "2025-05-25T18:56:31.590Z", "updated_at": "2025-05-25T18:56:31.590Z", "tags": []}}, {"model": "ideas.upvote", "pk": 3, "fields": {"user": 1, "post": 1, "created_at": "2025-05-21T22:04:13.642Z"}}, {"model": "ideas.upvote", "pk": 6, "fields": {"user": 1, "post": 4, "created_at": "2025-05-22T11:33:23.762Z"}}, {"model": "ideas.upvote", "pk": 10, "fields": {"user": 1, "post": 5, "created_at": "2025-05-24T15:22:39.293Z"}}, {"model": "ideas.upvote", "pk": 14, "fields": {"user": 1, "post": 8, "created_at": "2025-05-25T18:47:39.801Z"}}, {"model": "ideas.upvote", "pk": 16, "fields": {"user": 2, "post": 6, "created_at": "2025-05-25T18:49:22.031Z"}}, {"model": "ideas.upvote", "pk": 17, "fields": {"user": 2, "post": 1, "created_at": "2025-05-25T18:49:24.674Z"}}, {"model": "ideas.upvote", "pk": 18, "fields": {"user": 2, "post": 3, "created_at": "2025-05-25T18:49:29.636Z"}}, {"model": "ideas.upvote", "pk": 19, "fields": {"user": 2, "post": 5, "created_at": "2025-05-26T13:22:57.500Z"}}, {"model": "ideas.upvote", "pk": 23, "fields": {"user": 3, "post": 8, "created_at": "2025-06-09T18:57:05.780Z"}}, {"model": "ideas.comment", "pk": 8, "fields": {"post": 8, "user": 1, "content": "That's a really good perspective to think about it what do you think about reverse engineering it?", "created_at": "2025-05-26T15:21:28.877Z"}}, {"model": "ideas.comment", "pk": 9, "fields": {"post": 8, "user": 1, "content": "Hmm, we could try that let's dive deep into this!!", "created_at": "2025-05-26T15:24:58.076Z"}}, {"model": "ideas.comment", "pk": 10, "fields": {"post": 8, "user": 1, "content": "So what do you think about injected humour?", "created_at": "2025-05-26T15:32:58.660Z"}}, {"model": "ideas.comment", "pk": 11, "fields": {"post": 8, "user": 1, "content": "I think it's really clever", "created_at": "2025-05-26T15:33:26.677Z"}}, {"model": "ideas.comment", "pk": 12, "fields": {"post": 8, "user": 1, "content": "Hmm great, me too!", "created_at": "2025-05-26T15:35:37.291Z"}}, {"model": "ideas.comment", "pk": 13, "fields": {"post": 8, "user": 1, "content": "Hmm great, me too!", "created_at": "2025-05-26T15:36:35.256Z"}}, {"model": "ideas.comment", "pk": 14, "fields": {"post": 8, "user": 1, "content": "I think it's really clever", "created_at": "2025-05-26T15:38:19.731Z"}}, {"model": "ideas.comment", "pk": 15, "fields": {"post": 8, "user": 1, "content": "Nice", "created_at": "2025-05-26T15:38:30.504Z"}}, {"model": "ideas.comment", "pk": 16, "fields": {"post": 8, "user": 1, "content": "There are many variations of passages of Lorem Ipsum available, but the majority have suffered alteration in some form, by injected humour, or randomised words which don't look even slightly believable. If you are going to use a passage of Lorem Ipsum, you need to be sure there isn't anything embarrassing hidden in the middle of text.", "created_at": "2025-05-26T15:39:07.303Z"}}, {"model": "users.customuser", "pk": 1, "fields": {"password": "!u3Zg1JKeMWeQrM6KcjBuwHMeBfYd8ZO7kSn9npbB", "last_login": "2025-06-18T16:06:00.830Z", "is_superuser": false, "first_name": "Shaurya", "last_name": "Goyal", "is_staff": false, "is_active": true, "name": "Shaurya Goyal", "email": "shaurya.shauryagoyal123@gmail.com", "username": "shaurya", "profile_picture": null, "date_joined": "2025-05-21T21:19:56.795Z", "bio": null, "twitter": null, "instagram": null, "linkedin": null, "groups": [], "user_permissions": [], "interest_tags": []}}, {"model": "users.customuser", "pk": 2, "fields": {"password": "!17LLaPCbn37G0UPVELdgSnStQPnrYi773t12rWAO", "last_login": "2025-06-01T09:37:44.749Z", "is_superuser": false, "first_name": "Shaurya", "last_name": "Goyal", "is_staff": false, "is_active": true, "name": "Shaurya Goyal", "email": "gylshaurya@gmail.com", "username": "gylshaurya", "profile_picture": null, "date_joined": "2025-05-25T18:47:58.210Z", "bio": null, "twitter": null, "instagram": null, "linkedin": null, "groups": [], "user_permissions": [], "interest_tags": []}}, {"model": "users.customuser", "pk": 3, "fields": {"password": "!CHoGpr04PZhho8rfQmei8WPuuBIcPfnmHzEpxaVN", "last_login": "2025-06-09T20:36:40.467Z", "is_superuser": false, "first_name": "Shaurya", "last_name": "Goyal", "is_staff": false, "is_active": true, "name": null, "email": "iamthegr8estcocrusher@gmail.com", "username": "gyl_shaurya", "profile_picture": "image/upload/http://res.cloudinary.com/drferwkzw/image/upload/v1749473391/hs5b4asgrmdzwsy8mrzv.png", "date_joined": "2025-06-09T11:29:03.860Z", "bio": "", "twitter": null, "instagram": null, "linkedin": null, "groups": [], "user_permissions": [], "interest_tags": []}}, {"model": "sites.site", "pk": 1, "fields": {"domain": "example.com", "name": "example.com"}}, {"model": "account.emailaddress", "pk": 1, "fields": {"user": 1, "email": "shaurya.shauryagoyal123@gmail.com", "verified": true, "primary": true}}, {"model": "account.emailaddress", "pk": 2, "fields": {"user": 2, "email": "gylshaurya@gmail.com", "verified": true, "primary": true}}, {"model": "account.emailaddress", "pk": 3, "fields": {"user": 3, "email": "iamthegr8estcocrusher@gmail.com", "verified": true, "primary": true}}, {"model": "socialaccount.socialaccount", "pk": 1, "fields": {"user": 1, "provider": "google", "uid": "112378751583515542175", "last_login": "2025-06-18T16:05:59.345Z", "date_joined": "2025-05-21T21:19:57.931Z", "extra_data": {"aud": "854951858535-5lca154045kjhlkoq0blhico55op4lun.apps.googleusercontent.com", "azp": "854951858535-5lca154045kjhlkoq0blhico55op4lun.apps.googleusercontent.com", "exp": 1750266358, "iat": 1750262758, "iss": "https://accounts.google.com", "sub": "112378751583515542175", "name": "Shaurya Goyal", "email": "shaurya.shauryagoyal123@gmail.com", "at_hash": "HUAswvrCP-Mir6CpnILYFA", "picture": "https://lh3.googleusercontent.com/a/ACg8ocLTG51jMXAyat6ikm1hRQUxv_MPeIDQC86gWT1bzosLRag4hvK2=s96-c", "given_name": "Shaurya", "family_name": "Goyal", "email_verified": true}}}, {"model": "socialaccount.socialaccount", "pk": 2, "fields": {"user": 2, "provider": "google", "uid": "104094981344329067044", "last_login": "2025-06-01T09:37:43.748Z", "date_joined": "2025-05-25T18:47:58.791Z", "extra_data": {"aud": "854951858535-5lca154045kjhlkoq0blhico55op4lun.apps.googleusercontent.com", "azp": "854951858535-5lca154045kjhlkoq0blhico55op4lun.apps.googleusercontent.com", "exp": 1748774263, "iat": 1748770663, "iss": "https://accounts.google.com", "sub": "104094981344329067044", "name": "Shaurya Goyal", "email": "gylshaurya@gmail.com", "at_hash": "6K6eCQhMadl_O2AInWelNg", "picture": "https://lh3.googleusercontent.com/a/ACg8ocL-xo3Mgs0OVO5ouR5KFrE6STmUeNthp0KlxLztrCEBSPvg6MI=s96-c", "given_name": "Shaurya", "family_name": "Goyal", "email_verified": true}}}, {"model": "socialaccount.socialaccount", "pk": 3, "fields": {"user": 3, "provider": "google", "uid": "101980182410496838869", "last_login": "2025-06-09T20:36:39.016Z", "date_joined": "2025-06-09T11:29:03.954Z", "extra_data": {"aud": "854951858535-5lca154045kjhlkoq0blhico55op4lun.apps.googleusercontent.com", "azp": "854951858535-5lca154045kjhlkoq0blhico55op4lun.apps.googleusercontent.com", "exp": 1749504998, "iat": 1749501398, "iss": "https://accounts.google.com", "sub": "101980182410496838869", "name": "Shaurya Goyal", "email": "iamthegr8estcocrusher@gmail.com", "at_hash": "0BKE-tmNkpxB7jqUr6v0vA", "picture": "https://lh3.googleusercontent.com/a/ACg8ocL6tgCsXvA0hbxLRTyMAWgQ07zcB2eBG6DaEGyujy0a1QGhSjc=s96-c", "given_name": "Shaurya", "family_name": "Goyal", "email_verified": true}}}, {"model": "auth.permission", "pk": 1, "fields": {"name": "Can add tag", "content_type": 1, "codename": "add_tag"}}, {"model": "auth.permission", "pk": 2, "fields": {"name": "Can change tag", "content_type": 1, "codename": "change_tag"}}, {"model": "auth.permission", "pk": 3, "fields": {"name": "Can delete tag", "content_type": 1, "codename": "delete_tag"}}, {"model": "auth.permission", "pk": 4, "fields": {"name": "Can view tag", "content_type": 1, "codename": "view_tag"}}, {"model": "auth.permission", "pk": 5, "fields": {"name": "Can add post", "content_type": 2, "codename": "add_post"}}, {"model": "auth.permission", "pk": 6, "fields": {"name": "Can change post", "content_type": 2, "codename": "change_post"}}, {"model": "auth.permission", "pk": 7, "fields": {"name": "Can delete post", "content_type": 2, "codename": "delete_post"}}, {"model": "auth.permission", "pk": 8, "fields": {"name": "Can view post", "content_type": 2, "codename": "view_post"}}, {"model": "auth.permission", "pk": 9, "fields": {"name": "Can add upvote", "content_type": 3, "codename": "add_upvote"}}, {"model": "auth.permission", "pk": 10, "fields": {"name": "Can change upvote", "content_type": 3, "codename": "change_upvote"}}, {"model": "auth.permission", "pk": 11, "fields": {"name": "Can delete upvote", "content_type": 3, "codename": "delete_upvote"}}, {"model": "auth.permission", "pk": 12, "fields": {"name": "Can view upvote", "content_type": 3, "codename": "view_upvote"}}, {"model": "auth.permission", "pk": 13, "fields": {"name": "Can add user", "content_type": 4, "codename": "add_customuser"}}, {"model": "auth.permission", "pk": 14, "fields": {"name": "Can change user", "content_type": 4, "codename": "change_customuser"}}, {"model": "auth.permission", "pk": 15, "fields": {"name": "Can delete user", "content_type": 4, "codename": "delete_customuser"}}, {"model": "auth.permission", "pk": 16, "fields": {"name": "Can view user", "content_type": 4, "codename": "view_customuser"}}, {"model": "auth.permission", "pk": 17, "fields": {"name": "Can add log entry", "content_type": 5, "codename": "add_logentry"}}, {"model": "auth.permission", "pk": 18, "fields": {"name": "Can change log entry", "content_type": 5, "codename": "change_logentry"}}, {"model": "auth.permission", "pk": 19, "fields": {"name": "Can delete log entry", "content_type": 5, "codename": "delete_logentry"}}, {"model": "auth.permission", "pk": 20, "fields": {"name": "Can view log entry", "content_type": 5, "codename": "view_logentry"}}, {"model": "auth.permission", "pk": 21, "fields": {"name": "Can add site", "content_type": 6, "codename": "add_site"}}, {"model": "auth.permission", "pk": 22, "fields": {"name": "Can change site", "content_type": 6, "codename": "change_site"}}, {"model": "auth.permission", "pk": 23, "fields": {"name": "Can delete site", "content_type": 6, "codename": "delete_site"}}, {"model": "auth.permission", "pk": 24, "fields": {"name": "Can view site", "content_type": 6, "codename": "view_site"}}, {"model": "auth.permission", "pk": 25, "fields": {"name": "Can add email address", "content_type": 7, "codename": "add_emailaddress"}}, {"model": "auth.permission", "pk": 26, "fields": {"name": "Can change email address", "content_type": 7, "codename": "change_emailaddress"}}, {"model": "auth.permission", "pk": 27, "fields": {"name": "Can delete email address", "content_type": 7, "codename": "delete_emailaddress"}}, {"model": "auth.permission", "pk": 28, "fields": {"name": "Can view email address", "content_type": 7, "codename": "view_emailaddress"}}, {"model": "auth.permission", "pk": 29, "fields": {"name": "Can add email confirmation", "content_type": 8, "codename": "add_emailconfirmation"}}, {"model": "auth.permission", "pk": 30, "fields": {"name": "Can change email confirmation", "content_type": 8, "codename": "change_emailconfirmation"}}, {"model": "auth.permission", "pk": 31, "fields": {"name": "Can delete email confirmation", "content_type": 8, "codename": "delete_emailconfirmation"}}, {"model": "auth.permission", "pk": 32, "fields": {"name": "Can view email confirmation", "content_type": 8, "codename": "view_emailconfirmation"}}, {"model": "auth.permission", "pk": 33, "fields": {"name": "Can add social account", "content_type": 9, "codename": "add_socialaccount"}}, {"model": "auth.permission", "pk": 34, "fields": {"name": "Can change social account", "content_type": 9, "codename": "change_socialaccount"}}, {"model": "auth.permission", "pk": 35, "fields": {"name": "Can delete social account", "content_type": 9, "codename": "delete_socialaccount"}}, {"model": "auth.permission", "pk": 36, "fields": {"name": "Can view social account", "content_type": 9, "codename": "view_socialaccount"}}, {"model": "auth.permission", "pk": 37, "fields": {"name": "Can add social application", "content_type": 10, "codename": "add_socialapp"}}, {"model": "auth.permission", "pk": 38, "fields": {"name": "Can change social application", "content_type": 10, "codename": "change_socialapp"}}, {"model": "auth.permission", "pk": 39, "fields": {"name": "Can delete social application", "content_type": 10, "codename": "delete_socialapp"}}, {"model": "auth.permission", "pk": 40, "fields": {"name": "Can view social application", "content_type": 10, "codename": "view_socialapp"}}, {"model": "auth.permission", "pk": 41, "fields": {"name": "Can add social application token", "content_type": 11, "codename": "add_socialtoken"}}, {"model": "auth.permission", "pk": 42, "fields": {"name": "Can change social application token", "content_type": 11, "codename": "change_socialtoken"}}, {"model": "auth.permission", "pk": 43, "fields": {"name": "Can delete social application token", "content_type": 11, "codename": "delete_socialtoken"}}, {"model": "auth.permission", "pk": 44, "fields": {"name": "Can view social application token", "content_type": 11, "codename": "view_socialtoken"}}, {"model": "auth.permission", "pk": 45, "fields": {"name": "Can add permission", "content_type": 12, "codename": "add_permission"}}, {"model": "auth.permission", "pk": 46, "fields": {"name": "Can change permission", "content_type": 12, "codename": "change_permission"}}, {"model": "auth.permission", "pk": 47, "fields": {"name": "Can delete permission", "content_type": 12, "codename": "delete_permission"}}, {"model": "auth.permission", "pk": 48, "fields": {"name": "Can view permission", "content_type": 12, "codename": "view_permission"}}, {"model": "auth.permission", "pk": 49, "fields": {"name": "Can add group", "content_type": 13, "codename": "add_group"}}, {"model": "auth.permission", "pk": 50, "fields": {"name": "Can change group", "content_type": 13, "codename": "change_group"}}, {"model": "auth.permission", "pk": 51, "fields": {"name": "Can delete group", "content_type": 13, "codename": "delete_group"}}, {"model": "auth.permission", "pk": 52, "fields": {"name": "Can view group", "content_type": 13, "codename": "view_group"}}, {"model": "auth.permission", "pk": 53, "fields": {"name": "Can add content type", "content_type": 14, "codename": "add_contenttype"}}, {"model": "auth.permission", "pk": 54, "fields": {"name": "Can change content type", "content_type": 14, "codename": "change_contenttype"}}, {"model": "auth.permission", "pk": 55, "fields": {"name": "Can delete content type", "content_type": 14, "codename": "delete_contenttype"}}, {"model": "auth.permission", "pk": 56, "fields": {"name": "Can view content type", "content_type": 14, "codename": "view_contenttype"}}, {"model": "auth.permission", "pk": 57, "fields": {"name": "Can add session", "content_type": 15, "codename": "add_session"}}, {"model": "auth.permission", "pk": 58, "fields": {"name": "Can change session", "content_type": 15, "codename": "change_session"}}, {"model": "auth.permission", "pk": 59, "fields": {"name": "Can delete session", "content_type": 15, "codename": "delete_session"}}, {"model": "auth.permission", "pk": 60, "fields": {"name": "Can view session", "content_type": 15, "codename": "view_session"}}, {"model": "auth.permission", "pk": 61, "fields": {"name": "Can add comment", "content_type": 16, "codename": "add_comment"}}, {"model": "auth.permission", "pk": 62, "fields": {"name": "Can change comment", "content_type": 16, "codename": "change_comment"}}, {"model": "auth.permission", "pk": 63, "fields": {"name": "Can delete comment", "content_type": 16, "codename": "delete_comment"}}, {"model": "auth.permission", "pk": 64, "fields": {"name": "Can view comment", "content_type": 16, "codename": "view_comment"}}, {"model": "contenttypes.contenttype", "pk": 1, "fields": {"app_label": "ideas", "model": "tag"}}, {"model": "contenttypes.contenttype", "pk": 2, "fields": {"app_label": "ideas", "model": "post"}}, {"model": "contenttypes.contenttype", "pk": 3, "fields": {"app_label": "ideas", "model": "upvote"}}, {"model": "contenttypes.contenttype", "pk": 4, "fields": {"app_label": "users", "model": "customuser"}}, {"model": "contenttypes.contenttype", "pk": 5, "fields": {"app_label": "admin", "model": "logentry"}}, {"model": "contenttypes.contenttype", "pk": 6, "fields": {"app_label": "sites", "model": "site"}}, {"model": "contenttypes.contenttype", "pk": 7, "fields": {"app_label": "account", "model": "emailaddress"}}, {"model": "contenttypes.contenttype", "pk": 8, "fields": {"app_label": "account", "model": "emailconfirmation"}}, {"model": "contenttypes.contenttype", "pk": 9, "fields": {"app_label": "socialaccount", "model": "socialaccount"}}, {"model": "contenttypes.contenttype", "pk": 10, "fields": {"app_label": "socialaccount", "model": "socialapp"}}, {"model": "contenttypes.contenttype", "pk": 11, "fields": {"app_label": "socialaccount", "model": "socialtoken"}}, {"model": "contenttypes.contenttype", "pk": 12, "fields": {"app_label": "auth", "model": "permission"}}, {"model": "contenttypes.contenttype", "pk": 13, "fields": {"app_label": "auth", "model": "group"}}, {"model": "contenttypes.contenttype", "pk": 14, "fields": {"app_label": "contenttypes", "model": "contenttype"}}, {"model": "contenttypes.contenttype", "pk": 15, "fields": {"app_label": "sessions", "model": "session"}}, {"model": "contenttypes.contenttype", "pk": 16, "fields": {"app_label": "ideas", "model": "comment"}}, {"model": "sessions.session", "pk": "j2c3nv8brpyzxi5aohri0chrjbaj0wga", "fields": {"session_data": ".eJxVjEEOgyAURO_y18aAoqC79iLkA59ISjER7MZ492pjFy7nzczbIM82YERr5zUVnQsWyjBuewV_9qEl-EBO0xtDhDGtMVagcS2TXjMtOjgYgcONGbQvSmeBMZ64vnT1b3PVuX4ciVIJFkuY0_N63VQT5unwSO8d53YQrROyZ5yU8rJTzBiJHamG9461SkilumYQ1nfMicb0RvSMGRos7F8wP1D5:1uHqr2:tqsvruumNpazaoe0_Hw2iBI9rzvxxXM0WzZ70fPfoVA", "expire_date": "2025-06-04T21:20:00.046Z"}}, {"model": "sessions.session", "pk": "k9mf5r6jrlvcgvc92hbe4o5jrbsvqw8c", "fields": {"session_data": ".eJxVjEEOgyAURO_y18YAUhF37UXIBz6RlGJSsBvj3auNXbicNzNvhTK7iAmdm5dcTalYqcC4bg382YfeMUTyhl4YE4x5SakBg0udzFLobaKHETq4MIvuSfkoMKUDt6eu_W3OurT3PVGu0WGNc36cr4tqwjLtHi58IC_5wDkLQvPAZNdrhoJpGpSV6FBaxZVQ2gd3s71lwoWgiSR13CrYvjrXUdE:1uOagb:WpgFi_kDyzgYjlNA3nU8HTvwpTfjU-vdgendK0FkK-A", "expire_date": "2025-06-23T11:29:05.113Z"}}, {"model": "sessions.session", "pk": "qp91mxf8ee7qiou38a2ritv03ebaa182", "fields": {"session_data": ".eJxVT0luhDAQ_EufEbKNV27JN6IIeWkGKwRH2OSC-HvMDDlwaZVqU_UOOfloZ-t92pYy5GILZuj3o4F_zm5lwqVEb0tMy_CNZUqhej52eGHo7y1QswV6qgRhkilhWqkMq7iBnzX9xoBrjTxSesxYvVs8GyhlndJKUKG7egRnNQ_HZwPPAcOWcR1eTrhxzvovXE7BzvNJt9eM9um55Ny-3d54v1K3qsnmqfaocQyUesO7wJUkFLUeldDEOWUFakZlIJ3mSmvBDPejIIEzJx2XhDg0Ho4_xJVvjA:1uRvIX:qTeVrunfGQgYxMCxDFjmyJcUjc7yUHtv9W0Heif_9NI", "expire_date": "2025-07-02T16:06:01.010Z"}}]
